date,TF,HF,OT
2022/9/9 0:00,0,0,0
2022/9/9 0:10,0,0,0
2022/9/9 0:20,0,0,0
2022/9/9 0:30,0,0,0
2022/9/9 0:40,0,0,0
2022/9/9 0:50,0,0,0
2022/9/9 1:00,0,0,0
2022/9/9 1:10,0,0,0
2022/9/9 1:20,0,0,0
2022/9/9 1:30,0,0,0
2022/9/9 1:40,0,0,0
2022/9/9 1:50,0,0,0
2022/9/9 2:00,0,0,0
2022/9/9 2:10,0,0,0
2022/9/9 2:20,0,0,0
2022/9/9 2:30,0,0,0
2022/9/9 2:40,0,0,0
2022/9/9 2:50,0,0,0
2022/9/9 3:00,0,0,0
2022/9/9 3:10,0,0,0
2022/9/9 3:20,0,0,0
2022/9/9 3:30,0,0,0
2022/9/9 3:40,0,0,0
2022/9/9 3:50,0,0,0
2022/9/9 4:00,0,0,0
2022/9/9 4:10,0,0,0
2022/9/9 4:20,0,0,0
2022/9/9 4:30,0,0,0
2022/9/9 4:40,0,0,0
2022/9/9 4:50,0,0,0
2022/9/9 5:00,0,0,0
2022/9/9 5:10,0,0,0
2022/9/9 5:20,0,0,0
2022/9/9 5:30,0,0,0
2022/9/9 5:40,0,0,0
2022/9/9 5:50,0,0,0
2022/9/9 6:00,0,0,0
2022/9/9 6:10,0,0,0
2022/9/9 6:20,0,0,0
2022/9/9 6:30,0,0,0
2022/9/9 6:40,0,0,0
2022/9/9 6:50,0,0,0
2022/9/9 7:00,0,0,0
2022/9/9 7:10,0,0,0
2022/9/9 7:20,0,0,0
2022/9/9 7:30,0,0,0
2022/9/9 7:40,0,0,0
2022/9/9 7:50,0,0,0
2022/9/9 8:00,28.947525,78.16025,7.922033173
2022/9/9 8:10,28.95265,78.26488333,7.906655577
2022/9/9 8:20,29.16261667,77.86846667,7.949875633
2022/9/9 8:30,29.38805,75.84523333,7.962578555
2022/9/9 8:40,29.672075,75.16215,7.99073659
2022/9/9 8:50,29.28803333,74.879,7.735449865
2022/9/9 9:00,29.79585833,74.70396667,7.948041066
2022/9/9 9:10,29.81050833,73.41778333,7.851350015
2022/9/9 9:20,29.93068333,73.4743,7.959386966
2022/9/9 9:30,29.90309167,73.87926667,6.857473336
2022/9/9 9:40,30.39895833,72.6874,7.966527266
2022/9/9 9:50,30.76226667,70.38231667,7.935521664
2022/9/9 10:00,30.86843333,70.2915,8.007659464
2022/9/9 10:10,30.791475,69.4738,7.83359192
2022/9/9 10:20,30.69938333,69.57121667,7.041296625
2022/9/9 10:30,30.84176667,67.77276667,7.728074907
2022/9/9 10:40,30.71701667,68.42918333,7.792795534
2022/9/9 10:50,30.76495,67.9625,7.732061154
2022/9/9 11:00,30.80310833,66.25571667,7.614536421
2022/9/9 11:10,30.88981667,65.57593333,7.59512464
2022/9/9 11:20,31.15773333,64.76713333,7.631374647
2022/9/9 11:30,31.48239167,63.00933333,7.56224678
2022/9/9 11:40,31.49019167,63.38446667,7.582572422
2022/9/9 11:50,31.5141,62.3019,7.550938064
2022/9/9 12:00,31.678125,61.32581667,6.546201564
2022/9/9 12:10,31.92554167,59.9378,7.418100303
2022/9/9 12:20,32.24489167,57.67971667,7.382530781
2022/9/9 12:30,32.39415,57.5343,7.380368524
2022/9/9 12:40,32.00626667,58.05605,7.277364505
2022/9/9 12:50,31.86158333,58.4233,7.324982299
2022/9/9 13:00,31.97168333,58.94176667,7.341673345
2022/9/9 13:10,32.002225,58.60816667,7.429081213
2022/9/9 13:20,31.994775,57.72215,7.268202332
2022/9/9 13:30,32.24865,56.8129,7.27623639
2022/9/9 13:40,32.48159167,55.54603333,7.225185048
2022/9/9 13:50,32.510125,57.00915,6.512047454
2022/9/9 14:00,32.33134167,57.76613333,7.15681757
2022/9/9 14:10,32.185275,59.63896667,7.366257407
2022/9/9 14:20,32.199475,58.41631667,7.221586323
2022/9/9 14:30,32.22914167,58.03433333,7.270581069
2022/9/9 14:40,32.07245833,58.91868333,7.437150947
2022/9/9 14:50,32.08501667,58.46648333,6.316888008
2022/9/9 15:00,32.06448333,60.86401667,7.399837805
2022/9/9 15:10,31.994575,61.54446667,7.408880314
2022/9/9 15:20,32.00216667,61.039,7.692175046
2022/9/9 15:30,32.02750833,60.0934,6.500310761
2022/9/9 15:40,32.0366,59.72848333,7.424037792
2022/9/9 15:50,32.04866667,59.29068333,7.466713987
2022/9/9 16:00,32.0185,59.56683333,7.416206145
2022/9/9 16:10,31.95111667,58.37511667,7.28114824
2022/9/9 16:20,32.009275,57.36538333,7.251185231
2022/9/9 16:30,31.96156667,57.05988333,7.203405493
2022/9/9 16:40,31.76925,59.1786,7.283074794
2022/9/9 16:50,31.92328333,58.1907,7.286730395
2022/9/9 17:00,31.90049167,58.49728333,7.281713287
2022/9/9 17:10,31.08414167,62.39366667,6.449806123
2022/9/9 17:20,30.52265833,60.96588333,6.723258009
2022/9/9 17:30,29.59235,66.98265,7.081437275
2022/9/9 17:40,29.52838333,67.9966,7.1245793
2022/9/9 17:50,29.018,69.18281667,7.016171456
2022/9/9 18:00,29.149975,67.41985,6.17591253
2022/9/9 18:10,28.54755,73.14323333,6.358258288
2022/9/9 18:20,28.12455833,73.87151667,6.270052211
2022/9/9 18:30,27.94694167,75.12968333,5.4305996
2022/9/9 18:40,27.892875,73.08911667,6.002581941
2022/9/9 18:50,27.81624167,74.20975,6.270626879
2022/9/9 19:00,28.02749167,74.01808333,6.488417389
2022/9/9 19:10,28.18046667,74.61803333,6.733397502
2022/9/9 19:20,28.304275,75.10943333,5.644151457
2022/9/9 19:30,28.47291667,74.63991667,7.283699225
2022/9/9 19:40,28.35821667,75.38873333,7.379288059
2022/9/9 19:50,28.26895614,76.22438596,7.365875932
2022/9/9 20:00,0,0,0
2022/9/9 20:10,0,0,0
2022/9/9 20:20,0,0,0
2022/9/9 20:30,0,0,0
2022/9/9 20:40,0,0,0
2022/9/9 20:50,0,0,0
2022/9/9 21:00,0,0,0
2022/9/9 21:10,0,0,0
2022/9/9 21:20,0,0,0
2022/9/9 21:30,0,0,0
2022/9/9 21:40,0,0,0
2022/9/9 21:50,0,0,0
2022/9/9 22:00,0,0,0
2022/9/9 22:10,0,0,0
2022/9/9 22:20,0,0,0
2022/9/9 22:30,0,0,0
2022/9/9 22:40,0,0,0
2022/9/9 22:50,0,0,0
2022/9/9 23:00,0,0,0
2022/9/9 23:10,0,0,0
2022/9/9 23:20,0,0,0
2022/9/9 23:30,0,0,0
2022/9/9 23:40,0,0,0
2022/9/9 23:50,0,0,0
2022/9/10 0:00,0,0,0
2022/9/10 0:10,0,0,0
2022/9/10 0:20,0,0,0
2022/9/10 0:30,0,0,0
2022/9/10 0:40,0,0,0
2022/9/10 0:50,0,0,0
2022/9/10 1:00,0,0,0
2022/9/10 1:10,0,0,0
2022/9/10 1:20,0,0,0
2022/9/10 1:30,0,0,0
2022/9/10 1:40,0,0,0
2022/9/10 1:50,0,0,0
2022/9/10 2:00,0,0,0
2022/9/10 2:10,0,0,0
2022/9/10 2:20,0,0,0
2022/9/10 2:30,0,0,0
2022/9/10 2:40,0,0,0
2022/9/10 2:50,0,0,0
2022/9/10 3:00,0,0,0
2022/9/10 3:10,0,0,0
2022/9/10 3:20,0,0,0
2022/9/10 3:30,0,0,0
2022/9/10 3:40,0,0,0
2022/9/10 3:50,0,0,0
2022/9/10 4:00,0,0,0
2022/9/10 4:10,0,0,0
2022/9/10 4:20,0,0,0
2022/9/10 4:30,0,0,0
2022/9/10 4:40,0,0,0
2022/9/10 4:50,0,0,0
2022/9/10 5:00,0,0,0
2022/9/10 5:10,0,0,0
2022/9/10 5:20,0,0,0
2022/9/10 5:30,0,0,0
2022/9/10 5:40,0,0,0
2022/9/10 5:50,0,0,0
2022/9/10 6:00,0,0,0
2022/9/10 6:10,0,0,0
2022/9/10 6:20,0,0,0
2022/9/10 6:30,0,0,0
2022/9/10 6:40,0,0,0
2022/9/10 6:50,0,0,0
2022/9/10 7:00,0,0,0
2022/9/10 7:10,0,0,0
2022/9/10 7:20,0,0,0
2022/9/10 7:30,0,0,0
2022/9/10 7:40,0,0,0
2022/9/10 7:50,0,0,0
2022/9/10 8:00,29.93324167,69.61816667,7.849552297
2022/9/10 8:10,29.95228333,69.18406667,7.657442366
2022/9/10 8:20,30.10050833,68.99026667,7.712499317
2022/9/10 8:30,30.17854167,69.79845,7.751903928
2022/9/10 8:40,30.40509167,68.8231,7.757127931
2022/9/10 8:50,30.448025,69.1309,7.750558093
2022/9/10 9:00,30.30780833,70.41018333,7.799244447
2022/9/10 9:10,30.57551667,70.66455,7.948616666
2022/9/10 9:20,30.71543333,70.14421667,7.93644819
2022/9/10 9:30,30.49229167,69.96235,7.877109766
2022/9/10 9:40,30.55771667,69.5788,7.909443215
2022/9/10 9:50,30.78928333,68.36761667,6.631093312
2022/9/10 10:00,31.04698333,67.82443333,7.751395511
2022/9/10 10:10,31.10403333,67.7957,7.804756798
2022/9/10 10:20,31.02680833,68.18341667,7.580976082
2022/9/10 10:30,31.01040833,68.35821667,7.534659369
2022/9/10 10:40,31.39644167,67.28021667,7.781252097
2022/9/10 10:50,31.4535,67.45796667,8.022115173
2022/9/10 11:00,31.62031667,66.23258333,7.310598051
2022/9/10 11:10,31.83599167,64.5337,7.674067737
2022/9/10 11:20,32.16520833,63.38655,7.882664844
2022/9/10 11:30,32.186075,62.57215,8.314137699
2022/9/10 11:40,32.17541667,62.86756667,7.319253522
2022/9/10 11:50,32.25595833,62.70435,7.596461234
2022/9/10 12:00,32.337425,62.0458,7.713914021
2022/9/10 12:10,32.53989167,61.00471667,8.069374438
2022/9/10 12:20,32.71775,59.85373333,7.235794036
2022/9/10 12:30,32.78655833,59.3577,7.414989206
2022/9/10 12:40,32.70686667,58.83738333,7.497198083
2022/9/10 12:50,32.67613333,56.81083333,7.579264367
2022/9/10 13:00,32.8818,56.83315,7.755813675
2022/9/10 13:10,32.75221667,57.73483333,6.425572526
2022/9/10 13:20,32.701525,57.6358,7.355708134
2022/9/10 13:30,33.06871667,56.48676667,7.558406614
2022/9/10 13:40,33.19053333,56.04346667,7.212896837
2022/9/10 13:50,33.075075,56.04308333,6.825207034
2022/9/10 14:00,33.09515833,56.02785,7.296318762
2022/9/10 14:10,33.17704167,56.44153333,7.873797284
2022/9/10 14:20,33.1525,57.20395,6.883670151
2022/9/10 14:30,33.19535,58.43376667,7.63083538
2022/9/10 14:40,33.22899167,57.97851667,7.768748591
2022/9/10 14:50,33.17415833,58.00075,8.061161413
2022/9/10 15:00,33.00590833,58.6128,6.645743605
2022/9/10 15:10,32.8707,58.12798333,7.521372458
2022/9/10 15:20,32.98649167,57.50533333,7.545294505
2022/9/10 15:30,32.93050833,58.22088333,7.764366431
2022/9/10 15:40,32.845075,58.9598,6.785995464
2022/9/10 15:50,32.67918333,59.58645,7.422984638
2022/9/10 16:00,32.47765833,59.46525,7.451523258
2022/9/10 16:10,32.40285,60.15016667,7.947608048
2022/9/10 16:20,32.51974167,60.67101667,6.840935248
2022/9/10 16:30,32.47279167,61.0342,7.626667462
2022/9/10 16:40,32.05468333,62.55638333,7.756174836
2022/9/10 16:50,31.53584167,66.29081667,7.762021973
2022/9/10 17:00,31.22559167,66.70913333,7.989549944
2022/9/10 17:10,31.210225,66.39316667,6.6511179
2022/9/10 17:20,31.10866667,67.11618333,7.678095933
2022/9/10 17:30,31.09385,66.8637,7.762271751
2022/9/10 17:40,30.96170833,67.30758333,7.618220641
2022/9/10 17:50,31.01379167,66.5153,7.814610472
2022/9/10 18:00,31.13778333,65.99356667,6.793724703
2022/9/10 18:10,31.0918,66.39635,7.591891593
2022/9/10 18:20,31.04754167,66.85408333,7.705075077
2022/9/10 18:30,31.07229167,67.58633333,7.805447191
2022/9/10 18:40,30.7577,69.21841667,7.84375534
2022/9/10 18:50,30.73849167,69.89225,8.089786919
2022/9/10 19:00,30.75991667,70.15973333,6.799725202
2022/9/10 19:10,30.63108333,70.19915,7.816664022
2022/9/10 19:20,30.55163333,70.09403333,7.764364729
2022/9/10 19:30,30.45518333,70.37605,7.890644379
2022/9/10 19:40,30.36116667,70.4953,7.761976589
2022/9/10 19:50,30.30938596,70.65417544,7.87441099
2022/9/10 20:00,0,0,0
2022/9/10 20:10,0,0,0
2022/9/10 20:20,0,0,0
2022/9/10 20:30,0,0,0
2022/9/10 20:40,0,0,0
2022/9/10 20:50,0,0,0
2022/9/10 21:00,0,0,0
2022/9/10 21:10,0,0,0
2022/9/10 21:20,0,0,0
2022/9/10 21:30,0,0,0
2022/9/10 21:40,0,0,0
2022/9/10 21:50,0,0,0
2022/9/10 22:00,0,0,0
2022/9/10 22:10,0,0,0
2022/9/10 22:20,0,0,0
2022/9/10 22:30,0,0,0
2022/9/10 22:40,0,0,0
2022/9/10 22:50,0,0,0
2022/9/10 23:00,0,0,0
2022/9/10 23:10,0,0,0
2022/9/10 23:20,0,0,0
2022/9/10 23:30,0,0,0
2022/9/10 23:40,0,0,0
2022/9/10 23:50,0,0,0
2022/9/11 0:00,0,0,0
2022/9/11 0:10,0,0,0
2022/9/11 0:20,0,0,0
2022/9/11 0:30,0,0,0
2022/9/11 0:40,0,0,0
2022/9/11 0:50,0,0,0
2022/9/11 1:00,0,0,0
2022/9/11 1:10,0,0,0
2022/9/11 1:20,0,0,0
2022/9/11 1:30,0,0,0
2022/9/11 1:40,0,0,0
2022/9/11 1:50,0,0,0
2022/9/11 2:00,0,0,0
2022/9/11 2:10,0,0,0
2022/9/11 2:20,0,0,0
2022/9/11 2:30,0,0,0
2022/9/11 2:40,0,0,0
2022/9/11 2:50,0,0,0
2022/9/11 3:00,0,0,0
2022/9/11 3:10,0,0,0
2022/9/11 3:20,0,0,0
2022/9/11 3:30,0,0,0
2022/9/11 3:40,0,0,0
2022/9/11 3:50,0,0,0
2022/9/11 4:00,0,0,0
2022/9/11 4:10,0,0,0
2022/9/11 4:20,0,0,0
2022/9/11 4:30,0,0,0
2022/9/11 4:40,0,0,0
2022/9/11 4:50,0,0,0
2022/9/11 5:00,0,0,0
2022/9/11 5:10,0,0,0
2022/9/11 5:20,0,0,0
2022/9/11 5:30,0,0,0
2022/9/11 5:40,0,0,0
2022/9/11 5:50,0,0,0
2022/9/11 6:00,0,0,0
2022/9/11 6:10,0,0,0
2022/9/11 6:20,0,0,0
2022/9/11 6:30,0,0,0
2022/9/11 6:40,0,0,0
2022/9/11 6:50,0,0,0
2022/9/11 7:00,0,0,0
2022/9/11 7:10,0,0,0
2022/9/11 7:20,0,0,0
2022/9/11 7:30,0,0,0
2022/9/11 7:40,0,0,0
2022/9/11 7:50,0,0,0
2022/9/11 8:00,29.79116667,76.16918333,7.761090208
2022/9/11 8:10,29.7884,76.57615,7.868779828
2022/9/11 8:20,29.89843333,75.84771667,7.985393167
2022/9/11 8:30,29.97284167,75.42946667,7.171260003
2022/9/11 8:40,29.9554,75.37468333,7.876790808
2022/9/11 8:50,29.99425833,75.29216667,7.94048059
2022/9/11 9:00,30.26075,74.83268333,8.272684606
2022/9/11 9:10,30.49300833,73.77931667,7.254662534
2022/9/11 9:20,30.63899167,73.71306667,7.976409974
2022/9/11 9:30,30.686325,73.54403333,8.445651185
2022/9/11 9:40,30.8591,72.77033333,7.681900392
2022/9/11 9:50,30.75336667,72.85928333,8.008737046
2022/9/11 10:00,30.75360833,72.52573333,8.132527791
2022/9/11 10:10,30.99556667,71.54518333,8.313693188
2022/9/11 10:20,31.2262,70.67166667,8.279876145
2022/9/11 10:30,31.42594167,70.7336,7.452957213
2022/9/11 10:40,31.77643333,69.06838333,8.329365784
2022/9/11 10:50,31.98995,68.0354,8.655538495
2022/9/11 11:00,32.12464167,67.1408,7.956899283
2022/9/11 11:10,32.14464167,66.54603333,7.6933967
2022/9/11 11:20,31.96388333,64.6338,7.847762359
2022/9/11 11:30,32.37039167,63.39713333,8.34369054
2022/9/11 11:40,32.30115,60.21805,6.713451055
2022/9/11 11:50,32.48868333,61.81948333,7.684685975
2022/9/11 12:00,32.669975,55.03963333,7.295145459
2022/9/11 12:10,32.81271667,52.14073333,6.97945196
2022/9/11 12:20,32.6566,51.95928333,6.979341372
2022/9/11 12:30,32.62331667,51.03546667,6.92564585
2022/9/11 12:40,32.61716667,52.05,6.94863403
2022/9/11 12:50,32.60715,52.7446,7.076766467
2022/9/11 13:00,32.57378333,52.57941667,5.848473963
2022/9/11 13:10,32.73173333,53.44398333,6.930983652
2022/9/11 13:20,32.959175,52.95411667,6.960844627
2022/9/11 13:30,33.1528,52.38863333,7.429789086
2022/9/11 13:40,33.02415,52.31788333,6.282006469
2022/9/11 13:50,33.0047,51.01323333,6.707422733
2022/9/11 14:00,33.17706667,50.53211667,6.715957413
2022/9/11 14:10,33.38873333,52.59021667,7.380699661
2022/9/11 14:20,33.41025,52.43625,6.343590679
2022/9/11 14:30,33.49538333,51.55675,6.89098364
2022/9/11 14:40,33.512225,50.02928333,6.936472814
2022/9/11 14:50,33.81734167,47.83435,7.139022974
2022/9/11 15:00,33.963075,47.70428333,6.100305358
2022/9/11 15:10,33.99204167,47.38818333,6.711070845
2022/9/11 15:20,33.87584167,48.40286667,6.87529836
2022/9/11 15:30,33.8281,47.94571667,7.000622736
2022/9/11 15:40,33.825525,47.57271667,5.911517841
2022/9/11 15:50,33.821775,47.71071667,6.584371993
2022/9/11 16:00,33.75079167,47.79476667,6.69456243
2022/9/11 16:10,33.76095833,47.12813333,6.928217814
2022/9/11 16:20,33.6447,47.55996667,5.833679821
2022/9/11 16:30,33.69890833,45.98623333,6.408739043
2022/9/11 16:40,33.65928333,46.24865,6.457760685
2022/9/11 16:50,33.52801667,46.29418333,6.459489637
2022/9/11 17:00,33.61500833,43.70165,6.37388386
2022/9/11 17:10,33.46236667,45.17171667,6.579501475
2022/9/11 17:20,33.11463333,48.12243333,6.714623901
2022/9/11 17:30,33.13165,46.10285,6.52284987
2022/9/11 17:40,33.201925,44.21121667,6.380009915
2022/9/11 17:50,33.264125,44.2756,6.436515224
2022/9/11 18:00,33.03815,47.92275,6.735632641
2022/9/11 18:10,32.79720833,47.884,6.612418956
2022/9/11 18:20,32.69148333,48.52888333,6.637332278
2022/9/11 18:30,32.646275,47.56155,6.585124714
2022/9/11 18:40,32.68031667,47.44128333,6.559313837
2022/9/11 18:50,32.50659167,48.92316667,6.685924725
2022/9/11 19:00,32.55813333,48.3866,6.626658999
2022/9/11 19:10,32.46343333,49.81748333,6.747770218
2022/9/11 19:20,32.294525,51.37501667,6.827737631
2022/9/11 19:30,32.25811667,51.4551,6.825786894
2022/9/11 19:40,32.1715,52.76895,6.924242984
2022/9/11 19:50,32.13795614,52.98005263,6.940908541
2022/9/11 20:00,0,0,0
2022/9/11 20:10,0,0,0
2022/9/11 20:20,0,0,0
2022/9/11 20:30,0,0,0
2022/9/11 20:40,0,0,0
2022/9/11 20:50,0,0,0
2022/9/11 21:00,0,0,0
2022/9/11 21:10,0,0,0
2022/9/11 21:20,0,0,0
2022/9/11 21:30,0,0,0
2022/9/11 21:40,0,0,0
2022/9/11 21:50,0,0,0
2022/9/11 22:00,0,0,0
2022/9/11 22:10,0,0,0
2022/9/11 22:20,0,0,0
2022/9/11 22:30,0,0,0
2022/9/11 22:40,0,0,0
2022/9/11 22:50,0,0,0
2022/9/11 23:00,0,0,0
2022/9/11 23:10,0,0,0
2022/9/11 23:20,0,0,0
2022/9/11 23:30,0,0,0
2022/9/11 23:40,0,0,0
2022/9/11 23:50,0,0,0
2022/9/12 0:00,0,0,0
2022/9/12 0:10,0,0,0
2022/9/12 0:20,0,0,0
2022/9/12 0:30,0,0,0
2022/9/12 0:40,0,0,0
2022/9/12 0:50,0,0,0
2022/9/12 1:00,0,0,0
2022/9/12 1:10,0,0,0
2022/9/12 1:20,0,0,0
2022/9/12 1:30,0,0,0
2022/9/12 1:40,0,0,0
2022/9/12 1:50,0,0,0
2022/9/12 2:00,0,0,0
2022/9/12 2:10,0,0,0
2022/9/12 2:20,0,0,0
2022/9/12 2:30,0,0,0
2022/9/12 2:40,0,0,0
2022/9/12 2:50,0,0,0
2022/9/12 3:00,0,0,0
2022/9/12 3:10,0,0,0
2022/9/12 3:20,0,0,0
2022/9/12 3:30,0,0,0
2022/9/12 3:40,0,0,0
2022/9/12 3:50,0,0,0
2022/9/12 4:00,0,0,0
2022/9/12 4:10,0,0,0
2022/9/12 4:20,0,0,0
2022/9/12 4:30,0,0,0
2022/9/12 4:40,0,0,0
2022/9/12 4:50,0,0,0
2022/9/12 5:00,0,0,0
2022/9/12 5:10,0,0,0
2022/9/12 5:20,0,0,0
2022/9/12 5:30,0,0,0
2022/9/12 5:40,0,0,0
2022/9/12 5:50,0,0,0
2022/9/12 6:00,0,0,0
2022/9/12 6:10,0,0,0
2022/9/12 6:20,0,0,0
2022/9/12 6:30,0,0,0
2022/9/12 6:40,0,0,0
2022/9/12 6:50,0,0,0
2022/9/12 7:00,0,0,0
2022/9/12 7:10,0,0,0
2022/9/12 7:20,0,0,0
2022/9/12 7:30,0,0,0
2022/9/12 7:40,0,0,0
2022/9/12 7:50,0,0,0
2022/9/12 8:00,31.282175,53.29135,6.067787879
2022/9/12 8:10,31.00896667,53.85706667,6.377660775
2022/9/12 8:20,30.96434167,53.08715,6.373568391
2022/9/12 8:30,31.05828333,50.8954,5.727116869
2022/9/12 8:40,31.040025,52.02998333,6.263809515
2022/9/12 8:50,31.09115,50.68568333,6.215158945
2022/9/12 9:00,31.169425,49.30855,6.13525331
2022/9/12 9:10,31.27215833,49.495,5.604789796
2022/9/12 9:20,31.28705833,48.72578333,5.503574733
2022/9/12 9:30,31.441125,48.9149,5.589478682
2022/9/12 9:40,31.48865,48.44116667,5.574622863
2022/9/12 9:50,31.52784167,47.61996667,4.77276848
2022/9/12 10:00,31.584475,48.28336667,5.48817072
2022/9/12 10:10,31.67744167,48.37628333,5.619674431
2022/9/12 10:20,31.819,47.62536667,5.567068645
2022/9/12 10:30,31.86625,46.73596667,5.70110573
2022/9/12 10:40,31.94619167,46.90755,4.529315825
2022/9/12 10:50,32.14130833,46.91605,6.227778755
2022/9/12 11:00,32.24319167,47.00745,6.275782125
2022/9/12 11:10,32.23351667,46.66381667,6.234531981
2022/9/12 11:20,32.26245833,47.0462,6.014315295
2022/9/12 11:30,32.305775,47.7129,6.155991405
2022/9/12 11:40,32.43683333,47.94978333,6.320451809
2022/9/12 11:50,32.52001667,45.84143333,6.177009185
2022/9/12 12:00,32.75055833,44.75333333,6.27303107
2022/9/12 12:10,32.77599167,44.76558333,5.310076916
2022/9/12 12:20,32.84688333,44.37353333,5.718704262
2022/9/12 12:30,33.01513333,44.61381667,6.202919058
2022/9/12 12:40,33.19265833,43.27978333,6.120897029
2022/9/12 12:50,33.36499167,43.14393333,6.157828531
2022/9/12 13:00,33.30386667,42.9341,6.22490126
2022/9/12 13:10,33.51016667,40.63618333,6.077153422
2022/9/12 13:20,33.40271667,40.43265,5.220233205
2022/9/12 13:30,33.5478,40.129,5.265788516
2022/9/12 13:40,33.80154167,37.44126667,5.720318197
2022/9/12 13:50,33.67783333,39.09961667,5.875064677
2022/9/12 14:00,33.69803333,39.23615,5.82142259
2022/9/12 14:10,33.89386667,40.45721667,6.073381005
2022/9/12 14:20,33.93656667,39.75708333,6.168248947
2022/9/12 14:30,33.865425,37.94766667,5.348491797
2022/9/12 14:40,33.88625833,37.95025,5.780094776
2022/9/12 14:50,33.98190833,35.64076667,5.547174905
2022/9/12 15:00,34.09239167,35.91976667,5.65681151
2022/9/12 15:10,34.1069,37.58046667,5.922380054
2022/9/12 15:20,34.10445833,36.07815,5.732668926
2022/9/12 15:30,34.2808,35.43203333,5.261952645
2022/9/12 15:40,34.19878333,35.6987,5.623525544
2022/9/12 15:50,34.24259167,36.78056667,5.671580725
2022/9/12 16:00,34.27310833,35.43575,5.601081411
2022/9/12 16:10,34.28130833,34.69908333,5.145890028
2022/9/12 16:20,34.34781667,33.04935,5.304560757
2022/9/12 16:30,34.4398,33.5136,5.480526596
2022/9/12 16:40,34.36516667,34.38433333,5.562834296
2022/9/12 16:50,34.21515,36.09705,5.422987725
2022/9/12 17:00,34.11161667,34.58113333,4.711404496
2022/9/12 17:10,34.04979167,35.05093333,4.752759877
2022/9/12 17:20,34.0309,35.45176667,4.566154215
2022/9/12 17:30,33.93624167,36.76141667,5.689425175
2022/9/12 17:40,33.97435,35.10935,5.541094231
2022/9/12 17:50,33.959375,36.09513333,5.26353468
2022/9/12 18:00,33.80520833,37.00625,5.679817749
2022/9/12 18:10,33.5455,39.01183333,5.831639202
2022/9/12 18:20,33.32441667,40.75453333,5.910230345
2022/9/12 18:30,33.04458333,40.82161667,5.510753309
2022/9/12 18:40,32.94915,40.6927,5.618408764
2022/9/12 18:50,32.8698,40.05783333,5.765062316
2022/9/12 19:00,32.86770833,39.30088333,5.259382394
2022/9/12 19:10,32.94054167,38.80605,5.475538039
2022/9/12 19:20,32.90646667,39.2332,5.001665735
2022/9/12 19:30,32.78215833,39.91601667,4.922494484
2022/9/12 19:40,32.93826667,38.85603333,5.068183345
2022/9/12 19:50,33.0127193,38.17154386,3.927827234
2022/9/12 20:00,0,0,0
2022/9/12 20:10,0,0,0
2022/9/12 20:20,0,0,0
2022/9/12 20:30,0,0,0
2022/9/12 20:40,0,0,0
2022/9/12 20:50,0,0,0
2022/9/12 21:00,0,0,0
2022/9/12 21:10,0,0,0
2022/9/12 21:20,0,0,0
2022/9/12 21:30,0,0,0
2022/9/12 21:40,0,0,0
2022/9/12 21:50,0,0,0
2022/9/12 22:00,0,0,0
2022/9/12 22:10,0,0,0
2022/9/12 22:20,0,0,0
2022/9/12 22:30,0,0,0
2022/9/12 22:40,0,0,0
2022/9/12 22:50,0,0,0
2022/9/12 23:00,0,0,0
2022/9/12 23:10,0,0,0
2022/9/12 23:20,0,0,0
2022/9/12 23:30,0,0,0
2022/9/12 23:40,0,0,0
2022/9/12 23:50,0,0,0
2022/9/13 0:00,0,0,0
2022/9/13 0:10,0,0,0
2022/9/13 0:20,0,0,0
2022/9/13 0:30,0,0,0
2022/9/13 0:40,0,0,0
2022/9/13 0:50,0,0,0
2022/9/13 1:00,0,0,0
2022/9/13 1:10,0,0,0
2022/9/13 1:20,0,0,0
2022/9/13 1:30,0,0,0
2022/9/13 1:40,0,0,0
2022/9/13 1:50,0,0,0
2022/9/13 2:00,0,0,0
2022/9/13 2:10,0,0,0
2022/9/13 2:20,0,0,0
2022/9/13 2:30,0,0,0
2022/9/13 2:40,0,0,0
2022/9/13 2:50,0,0,0
2022/9/13 3:00,0,0,0
2022/9/13 3:10,0,0,0
2022/9/13 3:20,0,0,0
2022/9/13 3:30,0,0,0
2022/9/13 3:40,0,0,0
2022/9/13 3:50,0,0,0
2022/9/13 4:00,0,0,0
2022/9/13 4:10,0,0,0
2022/9/13 4:20,0,0,0
2022/9/13 4:30,0,0,0
2022/9/13 4:40,0,0,0
2022/9/13 4:50,0,0,0
2022/9/13 5:00,0,0,0
2022/9/13 5:10,0,0,0
2022/9/13 5:20,0,0,0
2022/9/13 5:30,0,0,0
2022/9/13 5:40,0,0,0
2022/9/13 5:50,0,0,0
2022/9/13 6:00,0,0,0
2022/9/13 6:10,0,0,0
2022/9/13 6:20,0,0,0
2022/9/13 6:30,0,0,0
2022/9/13 6:40,0,0,0
2022/9/13 6:50,0,0,0
2022/9/13 7:00,0,0,0
2022/9/13 7:10,0,0,0
2022/9/13 7:20,0,0,0
2022/9/13 7:30,0,0,0
2022/9/13 7:40,0,0,0
2022/9/13 7:50,0,0,0
2022/9/13 8:00,31.03434167,46.60451667,4.879545595
2022/9/13 8:10,30.9384,46.95811667,5.005109407
2022/9/13 8:20,31.02998333,46.24391667,5.112200048
2022/9/13 8:30,31.09690833,45.63546667,5.219051195
2022/9/13 8:40,31.089375,45.0475,5.162211452
2022/9/13 8:50,31.11075,44.86401667,5.223078909
2022/9/13 9:00,31.195825,44.01055,5.18033599
2022/9/13 9:10,31.22019167,45.18515,5.278841196
2022/9/13 9:20,31.21169167,44.35193333,5.185661728
2022/9/13 9:30,31.21678333,43.1139,5.171247647
2022/9/13 9:40,31.22183333,42.83476667,5.077008424
2022/9/13 9:50,31.19515,42.9129,5.091661039
2022/9/13 10:00,31.27488333,42.20868333,5.083404764
2022/9/13 10:10,31.43016667,42.36423333,5.151382369
2022/9/13 10:20,31.57540833,41.7934,5.110519862
2022/9/13 10:30,31.52170833,40.6826,5.038103735
2022/9/13 10:40,31.7259,41.31486667,5.094700528
2022/9/13 10:50,31.654,42.70533333,5.173812757
2022/9/13 11:00,31.60593333,42.69545,5.172974453
2022/9/13 11:10,31.6808,42.93463333,5.231964606
2022/9/13 11:20,31.73306667,42.93508333,4.2337454
2022/9/13 11:30,31.847675,42.08263333,4.155216697
2022/9/13 11:40,32.08918333,42.26313333,4.890563808
2022/9/13 11:50,32.068525,42.49313333,5.198390895
2022/9/13 12:00,32.26585833,42.16725,5.181954044
2022/9/13 12:10,32.3892,42.0933,5.249817583
2022/9/13 12:20,32.56823333,41.07148333,5.195477882
2022/9/13 12:30,32.63855833,40.17488333,3.980381584
2022/9/13 12:40,32.87545,39.85323333,4.729666371
2022/9/13 12:50,32.87995,39.56353333,4.762539051
2022/9/13 13:00,32.86673333,39.34635,4.948439821
2022/9/13 13:10,32.988925,38.27036667,5.082166284
2022/9/13 13:20,33.108225,38.89111667,4.006158712
2022/9/13 13:30,33.16719167,39.86858333,4.859773054
2022/9/13 13:40,33.318275,39.39016667,5.001460322
2022/9/13 13:50,33.44098333,37.66895,4.254009999
2022/9/13 14:00,33.462,37.58408333,4.818543044
2022/9/13 14:10,33.58561667,38.15341667,4.892491175
2022/9/13 14:20,33.79435,35.07926667,4.420999039
2022/9/13 14:30,33.933125,33.71938333,4.387843077
2022/9/13 14:40,33.94453333,35.46801667,4.749187145
2022/9/13 14:50,33.80575833,36.812,5.064649028
2022/9/13 15:00,33.874,36.38048333,4.427109824
2022/9/13 15:10,33.93570833,36.06128333,5.565351143
2022/9/13 15:20,33.94755833,35.91405,5.596713554
2022/9/13 15:30,33.886,36.48465,5.158885706
2022/9/13 15:40,33.96983333,36.38768333,5.634810781
2022/9/13 15:50,33.9123,37.20886667,5.711770068
2022/9/13 16:00,33.868625,38.14635,5.784569469
2022/9/13 16:10,33.84200833,38.84425,5.370306516
2022/9/13 16:20,33.88380833,38.63686667,5.945734506
2022/9/13 16:30,33.85235833,40.18771667,5.957652521
2022/9/13 16:40,33.71660833,41.39126667,5.916549063
2022/9/13 16:50,33.66093333,42.10063333,6.124398891
2022/9/13 17:00,33.594475,42.43443333,6.284717876
2022/9/13 17:10,33.50413333,42.14605,6.200030464
2022/9/13 17:20,33.42106667,41.97698333,5.641108179
2022/9/13 17:30,33.34758333,40.93836667,5.872214964
2022/9/13 17:40,33.30204167,40.46378333,5.775343477
2022/9/13 17:50,33.30186667,40.30966667,5.833934487
2022/9/13 18:00,33.05905833,41.77441667,5.525642218
2022/9/13 18:10,32.751975,43.59628333,5.985422311
2022/9/13 18:20,32.60620833,43.87068333,5.993447997
2022/9/13 18:30,32.529875,44.59021667,5.977987254
2022/9/13 18:40,32.43689167,44.9184,5.154750857
2022/9/13 18:50,32.21064167,46.39256667,5.415518209
2022/9/13 19:00,32.03554167,47.35968333,4.924603744
2022/9/13 19:10,32.0248,46.9896,5.750383893
2022/9/13 19:20,32.03014167,47.16371667,6.127965219
2022/9/13 19:30,31.99623333,47.14198333,6.134480841
2022/9/13 19:40,32.00764167,47.60706667,6.064217964
2022/9/13 19:50,31.912,48.39798246,5.536162775
2022/9/13 20:00,0,0,0
2022/9/13 20:10,0,0,0
2022/9/13 20:20,0,0,0
2022/9/13 20:30,0,0,0
2022/9/13 20:40,0,0,0
2022/9/13 20:50,0,0,0
2022/9/13 21:00,0,0,0
2022/9/13 21:10,0,0,0
2022/9/13 21:20,0,0,0
2022/9/13 21:30,0,0,0
2022/9/13 21:40,0,0,0
2022/9/13 21:50,0,0,0
2022/9/13 22:00,0,0,0
2022/9/13 22:10,0,0,0
2022/9/13 22:20,0,0,0
2022/9/13 22:30,0,0,0
2022/9/13 22:40,0,0,0
2022/9/13 22:50,0,0,0
2022/9/13 23:00,0,0,0
2022/9/13 23:10,0,0,0
2022/9/13 23:20,0,0,0
2022/9/13 23:30,0,0,0
2022/9/13 23:40,0,0,0
2022/9/13 23:50,0,0,0
2022/9/14 0:00,0,0,0
2022/9/14 0:10,0,0,0
2022/9/14 0:20,0,0,0
2022/9/14 0:30,0,0,0
2022/9/14 0:40,0,0,0
2022/9/14 0:50,0,0,0
2022/9/14 1:00,0,0,0
2022/9/14 1:10,0,0,0
2022/9/14 1:20,0,0,0
2022/9/14 1:30,0,0,0
2022/9/14 1:40,0,0,0
2022/9/14 1:50,0,0,0
2022/9/14 2:00,0,0,0
2022/9/14 2:10,0,0,0
2022/9/14 2:20,0,0,0
2022/9/14 2:30,0,0,0
2022/9/14 2:40,0,0,0
2022/9/14 2:50,0,0,0
2022/9/14 3:00,0,0,0
2022/9/14 3:10,0,0,0
2022/9/14 3:20,0,0,0
2022/9/14 3:30,0,0,0
2022/9/14 3:40,0,0,0
2022/9/14 3:50,0,0,0
2022/9/14 4:00,0,0,0
2022/9/14 4:10,0,0,0
2022/9/14 4:20,0,0,0
2022/9/14 4:30,0,0,0
2022/9/14 4:40,0,0,0
2022/9/14 4:50,0,0,0
2022/9/14 5:00,0,0,0
2022/9/14 5:10,0,0,0
2022/9/14 5:20,0,0,0
2022/9/14 5:30,0,0,0
2022/9/14 5:40,0,0,0
2022/9/14 5:50,0,0,0
2022/9/14 6:00,0,0,0
2022/9/14 6:10,0,0,0
2022/9/14 6:20,0,0,0
2022/9/14 6:30,0,0,0
2022/9/14 6:40,0,0,0
2022/9/14 6:50,0,0,0
2022/9/14 7:00,0,0,0
2022/9/14 7:10,0,0,0
2022/9/14 7:20,0,0,0
2022/9/14 7:30,0,0,0
2022/9/14 7:40,0,0,0
2022/9/14 7:50,0,0,0
2022/9/14 8:00,30.51298333,53.45196667,5.448161355
2022/9/14 8:10,30.6688,50.75941667,5.334250154
2022/9/14 8:20,30.72051667,49.23071667,5.339370239
2022/9/14 8:30,30.73395,49.54058333,4.357224881
2022/9/14 8:40,30.79775833,48.31516667,5.030804129
2022/9/14 8:50,30.78754167,48.38123333,4.861102902
2022/9/14 9:00,30.82165833,47.78905,5.186479197
2022/9/14 9:10,30.87346667,47.41855,5.262368233
2022/9/14 9:20,31.01834167,47.4416,5.441771511
2022/9/14 9:30,31.17158333,46.5362,5.397198036
2022/9/14 9:40,31.25696667,46.77076667,5.431258779
2022/9/14 9:50,31.46440833,45.03043333,5.307447598
2022/9/14 10:00,31.51429167,44.41525,5.282180084
2022/9/14 10:10,31.71080833,44.7014,3.865861306
2022/9/14 10:20,31.87438333,44.67155,4.866314968
2022/9/14 10:30,31.90204167,44.26298333,5.099341135
2022/9/14 10:40,31.94188333,43.52666667,5.12198073
2022/9/14 10:50,32.22098333,41.9052,5.125437137
2022/9/14 11:00,32.095,42.60306667,4.70337108
2022/9/14 11:10,32.299275,41.79396667,4.411686439
2022/9/14 11:20,32.34724167,41.3391,4.943352298
2022/9/14 11:30,32.54388333,41.56006667,5.111302124
2022/9/14 11:40,32.54170833,41.16525,5.34886912
2022/9/14 11:50,32.588325,42.2012,4.250883688
2022/9/14 12:00,32.48229167,42.30508333,5.192409732
2022/9/14 12:10,32.5939,41.97456667,5.296557639
2022/9/14 12:20,32.55534167,39.26346667,5.02633299
2022/9/14 12:30,32.68353333,39.54568333,5.11681705
2022/9/14 12:40,32.6974,40.33325,4.040259158
2022/9/14 12:50,32.95350833,41.5303,5.698300973
2022/9/14 13:00,32.99656667,40.39418333,4.861669594
2022/9/14 13:10,32.83395,39.49503333,4.973479782
2022/9/14 13:20,32.986,39.07563333,3.951014853
2022/9/14 13:30,33.04693333,39.18225,4.885791712
2022/9/14 13:40,33.29964167,39.21723333,5.016701357
2022/9/14 13:50,33.44178333,37.06276667,4.548461335
2022/9/14 14:00,33.59829167,35.7764,4.30330769
2022/9/14 14:10,33.53400833,36.34736667,4.772960665
2022/9/14 14:20,33.41266667,36.24318333,4.836955342
2022/9/14 14:30,33.773375,36.24458333,4.273932151
2022/9/14 14:40,33.88405,34.40828333,4.795827603
2022/9/14 14:50,33.8073,34.08746667,4.658006754
2022/9/14 15:00,33.85213333,34.34436667,4.721750123
2022/9/14 15:10,33.875,33.97881667,4.437458767
2022/9/14 15:20,33.854275,34.025,4.340363158
2022/9/14 15:30,33.830675,34.27331667,4.738315229
2022/9/14 15:40,33.83295833,34.35808333,4.336081308
2022/9/14 15:50,33.90591667,34.13555,4.607133143
2022/9/14 16:00,33.80961667,35.31488333,4.696345242
2022/9/14 16:10,33.85213333,35.05966667,4.54231025
2022/9/14 16:20,33.84358333,34.67973333,4.455045633
2022/9/14 16:30,33.88048333,34.99345,4.833699914
2022/9/14 16:40,33.7737,35.68781667,4.165493608
2022/9/14 16:50,33.6285,35.92831667,4.748652925
2022/9/14 17:00,33.586075,36.99136667,4.55334987
2022/9/14 17:10,33.366325,38.1186,4.907424422
2022/9/14 17:20,33.29224167,37.55505,5.015110662
2022/9/14 17:30,33.33465,37.00121667,4.966455549
2022/9/14 17:40,33.2803,37.12345,5.054452814
2022/9/14 17:50,33.2888,36.95333333,4.028065118
2022/9/14 18:00,33.20268333,37.51655,4.708267507
2022/9/14 18:10,33.1711,37.99723333,4.822287155
2022/9/14 18:20,33.017,38.51881667,4.901216533
2022/9/14 18:30,32.89805833,39.02545,4.153938245
2022/9/14 18:40,32.89194167,39.36676667,4.754328359
2022/9/14 18:50,32.72290833,39.8132,4.898744698
2022/9/14 19:00,32.623825,40.11323333,4.995384338
2022/9/14 19:10,32.53574167,40.3031,3.976353856
2022/9/14 19:20,32.46185833,40.54121667,4.8323332
2022/9/14 19:30,32.40136667,41.36468333,4.990026874
2022/9/14 19:40,32.304725,41.97591667,5.030966679
2022/9/14 19:50,32.28279825,41.77182456,4.318995782
2022/9/14 20:00,0,0,0
2022/9/14 20:10,0,0,0
2022/9/14 20:20,0,0,0
2022/9/14 20:30,0,0,0
2022/9/14 20:40,0,0,0
2022/9/14 20:50,0,0,0
2022/9/14 21:00,0,0,0
2022/9/14 21:10,0,0,0
2022/9/14 21:20,0,0,0
2022/9/14 21:30,0,0,0
2022/9/14 21:40,0,0,0
2022/9/14 21:50,0,0,0
2022/9/14 22:00,0,0,0
2022/9/14 22:10,0,0,0
2022/9/14 22:20,0,0,0
2022/9/14 22:30,0,0,0
2022/9/14 22:40,0,0,0
2022/9/14 22:50,0,0,0
2022/9/14 23:00,0,0,0
2022/9/14 23:10,0,0,0
2022/9/14 23:20,0,0,0
2022/9/14 23:30,0,0,0
2022/9/14 23:40,0,0,0
2022/9/14 23:50,0,0,0
2022/9/15 0:00,0,0,0
2022/9/15 0:10,0,0,0
2022/9/15 0:20,0,0,0
2022/9/15 0:30,0,0,0
2022/9/15 0:40,0,0,0
2022/9/15 0:50,0,0,0
2022/9/15 1:00,0,0,0
2022/9/15 1:10,0,0,0
2022/9/15 1:20,0,0,0
2022/9/15 1:30,0,0,0
2022/9/15 1:40,0,0,0
2022/9/15 1:50,0,0,0
2022/9/15 2:00,0,0,0
2022/9/15 2:10,0,0,0
2022/9/15 2:20,0,0,0
2022/9/15 2:30,0,0,0
2022/9/15 2:40,0,0,0
2022/9/15 2:50,0,0,0
2022/9/15 3:00,0,0,0
2022/9/15 3:10,0,0,0
2022/9/15 3:20,0,0,0
2022/9/15 3:30,0,0,0
2022/9/15 3:40,0,0,0
2022/9/15 3:50,0,0,0
2022/9/15 4:00,0,0,0
2022/9/15 4:10,0,0,0
2022/9/15 4:20,0,0,0
2022/9/15 4:30,0,0,0
2022/9/15 4:40,0,0,0
2022/9/15 4:50,0,0,0
2022/9/15 5:00,0,0,0
2022/9/15 5:10,0,0,0
2022/9/15 5:20,0,0,0
2022/9/15 5:30,0,0,0
2022/9/15 5:40,0,0,0
2022/9/15 5:50,0,0,0
2022/9/15 6:00,0,0,0
2022/9/15 6:10,0,0,0
2022/9/15 6:20,0,0,0
2022/9/15 6:30,0,0,0
2022/9/15 6:40,0,0,0
2022/9/15 6:50,0,0,0
2022/9/15 7:00,0,0,0
2022/9/15 7:10,0,0,0
2022/9/15 7:20,0,0,0
2022/9/15 7:30,0,0,0
2022/9/15 7:40,0,0,0
2022/9/15 7:50,0,0,0
2022/9/15 8:00,31.14738333,55.40355,6.576134474
2022/9/15 8:10,31.24763333,54.01966667,6.657544799
2022/9/15 8:20,31.31875833,53.07811667,6.123171429
2022/9/15 8:30,31.35335833,52.81693333,6.411871925
2022/9/15 8:40,31.43045833,53.23595,6.509646622
2022/9/15 8:50,31.434275,52.63598333,6.424210827
2022/9/15 9:00,31.5177,51.80131667,6.436511192
2022/9/15 9:10,31.65450833,49.9663,5.805128654
2022/9/15 9:20,31.75836667,48.35148333,5.469293411
2022/9/15 9:30,31.97306667,47.75318333,5.163520509
2022/9/15 9:40,32.15336667,46.85176667,5.820962418
2022/9/15 9:50,32.17880833,45.9921,6.14191857
2022/9/15 10:00,32.25174167,45.68446667,6.083518407
2022/9/15 10:10,32.31451667,45.48718333,6.048014007
2022/9/15 10:20,32.46649167,45.50998333,6.227306032
2022/9/15 10:30,32.533375,45.36526667,5.734049156
2022/9/15 10:40,32.84336667,45.22633333,6.147773546
2022/9/15 10:50,32.92713333,45.3227,6.259201372
2022/9/15 11:00,33.0001,44.64606667,6.224336942
2022/9/15 11:10,32.83076667,44.68106667,6.25849221
2022/9/15 11:20,33.11361667,45.05665,6.475374732
2022/9/15 11:30,33.27681667,44.61791667,6.447250623
2022/9/15 11:40,33.207,44.0371,6.36928683
2022/9/15 11:50,33.30924167,44.17665,6.420203934
2022/9/15 12:00,33.51913333,44.4303,6.48543992
2022/9/15 12:10,33.49425833,44.13613333,6.493802279
2022/9/15 12:20,33.66593333,43.4737,6.441771657
2022/9/15 12:30,33.66473333,43.69455,6.483567467
2022/9/15 12:40,33.63848333,44.00848333,6.547601823
2022/9/15 12:50,33.55500833,43.78361667,6.476030129
2022/9/15 13:00,33.69519167,43.93173333,6.532713935
2022/9/15 13:10,33.93018333,43.20791667,6.49744589
2022/9/15 13:20,33.96450833,43.52483333,6.580144099
2022/9/15 13:30,34.323475,42.64136667,6.546141892
2022/9/15 13:40,34.39309167,43.76411667,6.633646905
2022/9/15 13:50,34.28245833,43.08918333,6.493184492
2022/9/15 14:00,34.223475,42.69313333,6.499129953
2022/9/15 14:10,34.40368333,42.76828333,6.529518416
2022/9/15 14:20,34.41476667,42.84168333,6.502459922
2022/9/15 14:30,34.57856667,42.24513333,5.743213887
2022/9/15 14:40,34.55289167,41.65705,6.038298095
2022/9/15 14:50,34.375775,42.65306667,6.181232384
2022/9/15 15:00,34.272675,42.31626667,6.264533396
2022/9/15 15:10,34.27104167,42.84288333,5.980327579
2022/9/15 15:20,34.17463333,42.97641667,6.114738371
2022/9/15 15:30,34.13866667,44.68615,6.640324802
2022/9/15 15:40,34.260075,43.52993333,6.595783006
2022/9/15 15:50,34.26595,43.93618333,6.602061786
2022/9/15 16:00,34.130175,44.40775,6.679824803
2022/9/15 16:10,34.03198333,45.28511667,6.671445598
2022/9/15 16:20,33.88785,45.1405,6.614253348
2022/9/15 16:30,33.866675,44.67786667,6.517689427
2022/9/15 16:40,33.92389167,44.92145,6.660144308
2022/9/15 16:50,34.07651667,44.03001667,5.615563378
2022/9/15 17:00,34.17896667,43.24043333,6.301287122
2022/9/15 17:10,34.08235833,45.2649,6.524941101
2022/9/15 17:20,34.01005,45.17506667,6.49907654
2022/9/15 17:30,33.93426667,45.74638333,6.703277571
2022/9/15 17:40,33.894875,45.397,5.448323604
2022/9/15 17:50,33.9148,45.11853333,6.373915335
2022/9/15 18:00,33.82176667,45.29228333,6.294148383
2022/9/15 18:10,33.672625,45.8391,5.954584217
2022/9/15 18:20,33.539325,46.0905,6.326425496
2022/9/15 18:30,33.45984167,46.40068333,6.367862496
2022/9/15 18:40,33.3638,46.6235,6.439404593
2022/9/15 18:50,33.22599167,46.89763333,6.494552456
2022/9/15 19:00,33.21661667,47.66123333,6.591895191
2022/9/15 19:10,33.19051667,47.2762,6.611074381
2022/9/15 19:20,33.08526667,47.20571667,6.530037039
2022/9/15 19:30,33.060125,47.33771667,6.513711229
2022/9/15 19:40,32.96645,47.57396667,6.637280233
2022/9/15 19:50,32.89310526,47.91275439,6.618028163
2022/9/15 20:00,0,0,0
2022/9/15 20:10,0,0,0
2022/9/15 20:20,0,0,0
2022/9/15 20:30,0,0,0
2022/9/15 20:40,0,0,0
2022/9/15 20:50,0,0,0
2022/9/15 21:00,0,0,0
2022/9/15 21:10,0,0,0
2022/9/15 21:20,0,0,0
2022/9/15 21:30,0,0,0
2022/9/15 21:40,0,0,0
2022/9/15 21:50,0,0,0
2022/9/15 22:00,0,0,0
2022/9/15 22:10,0,0,0
2022/9/15 22:20,0,0,0
2022/9/15 22:30,0,0,0
2022/9/15 22:40,0,0,0
2022/9/15 22:50,0,0,0
2022/9/15 23:00,0,0,0
2022/9/15 23:10,0,0,0
2022/9/15 23:20,0,0,0
2022/9/15 23:30,0,0,0
2022/9/15 23:40,0,0,0
2022/9/15 23:50,0,0,0
